<?xml version="1.0" encoding="UTF-8"?>
<!DOCTYPE suite SYSTEM "http://testng.org/testng-1.0.dtd">

<suite name="GTAF">

	<test name="APITesting" preserve-order="true">
		<!-- <parameter name="browser" value="Firefox"/> <parameter name="browserVersion" 
			value="34"/> <parameter name="platformName" value="Windows10" /> <parameter 
			name="environment" value = "local"/> -->
		<classes>
			<class name="ezlm.api.testsuite.clocks.Clocks_AddClock" />
			<class name="ezlm.api.testsuite.clocks.Clocks_GetDeviceByID" />
			<class name="ezlm.api.testsuite.clocks.Clocks_DeleteClock" />
			<class name="ezlm.api.testsuite.clocks.Clocks_Generateregcode" />
			<class name="ezlm.api.testsuite.clocks.Clocks_GetAllModels" />
			<class name="ezlm.api.testsuite.clocks.Clocks_GetAllLCF" />
			<class name="ezlm.api.testsuite.clocks.Clocks_GetLCFByID" />
			<class name="ezlm.api.testsuite.clocks.Clocks_GetAllDevices" />
			<class name="ezlm.api.testsuite.clocks.Clocks_GetDeviceByID" />
			<class name="ezlm.api.testsuite.clocks.Clocks_GetTimeClockProfiles" />
			<!-- <class name="test.NewTest1" /> <class name="test.NewTest2" /> -->
		</classes>
	</test>

</suite>